Gene,Uniprot_ID,Original_Position,Aligned_Position,Reference_AA,Num_Homologs,Exact_Match_Count,Exact_Match_Perc,Functional_STY_Count,Functional_STY_Perc,Gap_Perc
MRX6,P48564,96,98,Y,8,0,0,3,37.5,0
SLS1,P42900,87,148,S,8,8,100,8,100,0
SLS1,P42900,429,524,Y,8,1,12.5,1,12.5,0
MRP4,P32902,62,76,S,8,8,100,8,100,0
MRP4,P32902,83,97,S,8,7,87.5,8,100,0
MRP4,P32902,307,322,S,8,6,75,6,75,0
MNP1,P53163,10,10,S,8,8,100,8,100,0
MNP1,P53163,11,11,S,8,6,75,6,75,0
MNP1,P53163,25,25,S,8,2,25,6,75,25
MDJ1,P35191,38,39,S,8,5,62.5,5,62.5,25
MDJ1,P35191,191,209,S,8,7,87.5,7,87.5,0
MDJ1,P35191,300,318,T,8,7,87.5,8,100,0
MDJ1,P35191,434,459,S,8,8,100,8,100,0
MRPL17,P36528,13,21,T,8,8,100,8,100,0
MRPL17,P36528,15,23,T,8,5,62.5,5,62.5,0
MRPL17,P36528,19,27,S,8,1,12.5,2,25,75
MRPL17,P36528,120,128,S,8,0,0,0,0,0
MRPL17,P36528,163,171,S,8,6,75,6,75,0
HSP10,P38910,10,38,S,8,8,100,8,100,0
HSP10,P38910,29,57,T,8,8,100,8,100,0
HSP10,P38910,31,59,S,8,8,100,8,100,0
HSP10,P38910,81,109,S,8,8,100,8,100,0
HSP10,P38910,82,110,T,8,8,100,8,100,0
CHA1,P25379,33,105,S,8,6,75,6,75,0
CHA1,P25379,93,166,T,8,8,100,8,100,0
CHA1,P25379,165,240,S,8,4,50,5,62.5,0
CHA1,P25379,169,244,S,8,5,62.5,5,62.5,12.5
CHA1,P25379,257,332,S,8,7,87.5,7,87.5,0
CHA1,P25379,303,408,S,8,3,37.5,5,62.5,0
MDH3,P32419,10,10,S,8,8,100,8,100,0
MDH3,P32419,46,46,S,8,8,100,8,100,0
MDH3,P32419,299,329,S,8,4,50,6,75,0
MDH3,P32419,335,365,S,8,6,75,6,75,0
MDH3,P32419,340,370,S,8,6,75,6,75,0
MDH3,P32419,341,371,S,8,6,75,8,100,0
MIP1,P15801,652,690,T,7,7,100,7,100,0
MIP1,P15801,654,692,T,7,7,100,7,100,0
MIP1,P15801,791,829,T,7,7,100,7,100,0
MIP1,P15801,795,833,T,7,7,100,7,100,0
MIP1,P15801,836,874,T,7,7,100,7,100,0
MIP1,P15801,1113,1152,S,7,5,71.4,5,71.4,0
MIP1,P15801,1215,1286,S,7,4,57.1,6,85.7,14.3
YHM2,Q04013,3,3,S,8,5,62.5,5,62.5,0
YHM2,Q04013,46,46,T,8,7,87.5,7,87.5,0
YHM2,Q04013,55,55,T,8,5,62.5,5,62.5,0
YHM2,Q04013,95,104,S,8,7,87.5,7,87.5,0
YHM2,Q04013,145,166,S,8,5,62.5,6,75,0
YHM2,Q04013,147,168,S,8,4,50,5,62.5,0
YHM2,Q04013,207,231,T,8,7,87.5,8,100,0
ABF2,Q02486,59,75,S,8,4,50,4,50,0
ABF2,Q02486,67,83,T,8,6,75,6,75,0
ABF2,Q02486,74,90,S,8,7,87.5,7,87.5,0
ABF2,Q02486,101,117,S,8,5,62.5,5,62.5,0
ABF2,Q02486,132,148,S,8,4,50,6,75,0
ABF2,Q02486,142,158,S,8,8,100,8,100,0
ABF2,Q02486,156,172,S,8,5,62.5,5,62.5,0
ABF2,Q02486,160,176,S,8,1,12.5,2,25,0
NDI1,P32340,27,27,S,8,8,100,8,100,0
NDI1,P32340,28,28,T,8,8,100,8,100,0
NDI1,P32340,33,41,S,8,5,62.5,5,62.5,0
NDI1,P32340,39,47,S,8,8,100,8,100,0
NDI1,P32340,42,50,T,8,8,100,8,100,0
NDI1,P32340,77,85,Y,8,8,100,8,100,0
NDI1,P32340,83,91,S,8,8,100,8,100,0
NDI1,P32340,239,251,T,8,8,100,8,100,0
PDB1,P32473,140,141,S,8,8,100,8,100,0
PDB1,P32473,185,186,S,8,8,100,8,100,0
PDB1,P32473,224,225,S,8,8,100,8,100,0
PDB1,P32473,240,241,T,8,5,62.5,6,75,0
PDB1,P32473,276,277,S,8,6,75,6,75,0
PDB1,P32473,282,283,T,8,4,50,4,50,0
PDB1,P32473,332,333,T,8,8,100,8,100,0
PDB1,P32473,340,341,Y,8,8,100,8,100,0
PDB1,P32473,338,339,T,8,8,100,8,100,0
PDB1,P32473,352,353,T,8,3,37.5,3,37.5,0
LPD1,P09624,6,6,S,8,8,100,8,100,0
LPD1,P09624,52,52,T,8,8,100,8,100,0
LPD1,P09624,64,64,T,8,8,100,8,100,0
LPD1,P09624,73,73,S,8,8,100,8,100,0
LPD1,P09624,140,140,S,8,8,100,8,100,0
LPD1,P09624,158,158,T,8,8,100,8,100,0
LPD1,P09624,176,176,S,8,8,100,8,100,0
LPD1,P09624,199,199,S,8,8,100,8,100,0
LPD1,P09624,336,336,S,8,6,75,8,100,0
LPD1,P09624,348,348,T,8,8,100,8,100,0
LPD1,P09624,418,418,S,8,8,100,8,100,0
PIM1,P36775,120,120,T,8,2,25,2,25,0
PIM1,P36775,142,143,S,8,6,75,6,75,25
PIM1,P36775,300,303,T,8,2,25,2,25,0
PIM1,P36775,657,676,S,8,8,100,8,100,0
PIM1,P36775,787,806,S,8,8,100,8,100,0
PIM1,P36775,842,861,S,8,8,100,8,100,0
PIM1,P36775,846,865,S,8,6,75,7,87.5,0
PIM1,P36775,849,868,S,8,6,75,6,75,0
PIM1,P36775,850,869,S,8,4,50,5,62.5,0
PIM1,P36775,860,908,S,8,6,75,6,75,0
PIM1,P36775,902,950,S,8,6,75,8,100,0
ILV6,P25605,16,16,S,8,6,75,6,75,25
ILV6,P25605,26,26,S,8,8,100,8,100,0
ILV6,P25605,30,30,S,8,8,100,8,100,0
ILV6,P25605,92,92,S,8,8,100,8,100,0
ILV6,P25605,95,95,S,8,8,100,8,100,0
ILV6,P25605,97,97,T,8,8,100,8,100,0
ILV6,P25605,107,107,S,8,8,100,8,100,0
ILV6,P25605,113,113,T,8,8,100,8,100,0
ILV6,P25605,212,212,S,8,8,100,8,100,0
ILV6,P25605,256,256,S,8,8,100,8,100,0
ILV6,P25605,273,273,S,8,8,100,8,100,0
ILV6,P25605,281,281,T,8,8,100,8,100,0
IDP1,P21954,10,10,S,8,7,87.5,7,87.5,0
IDP1,P21954,68,68,T,8,8,100,8,100,0
IDP1,P21954,69,69,S,8,2,25,2,25,0
IDP1,P21954,91,91,T,8,8,100,8,100,0
IDP1,P21954,93,93,T,8,8,100,8,100,0
IDP1,P21954,110,110,S,8,8,100,8,100,0
IDP1,P21954,114,114,T,8,8,100,8,100,0
IDP1,P21954,200,201,Y,8,8,100,8,100,0
IDP1,P21954,202,203,T,8,8,100,8,100,0
IDP1,P21954,205,206,S,8,8,100,8,100,0
IDP1,P21954,278,279,S,8,8,100,8,100,0
IDP1,P21954,319,320,T,8,8,100,8,100,0
RIM1,P32445,14,14,T,6,2,33.3,2,33.3,0
RIM1,P32445,23,23,S,6,6,100,6,100,0
RIM1,P32445,30,30,S,6,6,100,6,100,0
RIM1,P32445,33,33,T,6,5,83.3,5,83.3,0
RIM1,P32445,36,36,T,6,6,100,6,100,0
RIM1,P32445,37,37,S,6,6,100,6,100,0
RIM1,P32445,47,48,S,6,6,100,6,100,0
RIM1,P32445,50,51,S,6,6,100,6,100,0
RIM1,P32445,105,106,T,6,6,100,6,100,0
RIM1,P32445,107,108,S,6,6,100,6,100,0
RIM1,P32445,133,136,S,6,3,50,3,50,33.3
RIM1,P32445,134,137,S,6,4,66.7,4,66.7,33.3
RPO41,P13433,87,94,S,8,6,75,6,75,0
RPO41,P13433,270,279,S,8,6,75,8,100,0
RPO41,P13433,292,305,S,8,5,62.5,5,62.5,0
RPO41,P13433,301,318,S,8,4,50,5,62.5,0
RPO41,P13433,302,319,S,8,1,12.5,1,12.5,0
RPO41,P13433,304,321,S,8,6,75,6,75,0
RPO41,P13433,496,516,Y,8,8,100,8,100,0
RPO41,P13433,499,519,Y,8,8,100,8,100,0
RPO41,P13433,501,521,T,8,7,87.5,7,87.5,0
RPO41,P13433,521,541,S,8,8,100,8,100,0
RPO41,P13433,588,608,S,8,8,100,8,100,0
RPO41,P13433,732,752,T,8,8,100,8,100,0
RPO41,P13433,1281,1301,S,8,8,100,8,100,0
IDH1,P28834,13,13,T,8,6,75,8,100,0
IDH1,P28834,103,103,S,8,8,100,8,100,0
IDH1,P28834,143,143,T,8,8,100,8,100,0
IDH1,P28834,148,148,S,8,8,100,8,100,0
IDH1,P28834,154,154,S,8,8,100,8,100,0
IDH1,P28834,188,188,S,8,2,25,2,25,0
IDH1,P28834,190,190,T,8,6,75,6,75,0
IDH1,P28834,210,210,T,8,8,100,8,100,0
IDH1,P28834,248,248,S,8,8,100,8,100,0
IDH1,P28834,284,284,S,8,8,100,8,100,0
IDH1,P28834,343,343,S,8,7,87.5,8,100,0
IDH1,P28834,344,344,S,8,6,75,6,75,0
IDH1,P28834,345,345,S,8,8,100,8,100,0
MGM101,P32787,26,27,T,8,0,0,4,50,25
MGM101,P32787,29,31,S,8,2,25,3,37.5,50
MGM101,P32787,40,42,S,8,5,62.5,6,75,0
MGM101,P32787,43,45,S,8,7,87.5,7,87.5,0
MGM101,P32787,54,59,S,8,3,37.5,3,37.5,0
MGM101,P32787,66,72,S,8,5,62.5,6,75,0
MGM101,P32787,71,77,S,8,5,62.5,6,75,0
MGM101,P32787,76,82,T,8,6,75,6,75,0
MGM101,P32787,80,86,T,8,3,37.5,5,62.5,0
MGM101,P32787,82,88,S,8,5,62.5,5,62.5,0
MGM101,P32787,83,89,T,8,5,62.5,5,62.5,0
MGM101,P32787,87,93,S,8,2,25,6,75,0
MGM101,P32787,91,97,S,8,6,75,7,87.5,0
MGM101,P32787,170,176,S,8,7,87.5,7,87.5,0
"ARG5,6",Q01217,3,3,S,7,6,85.7,6,85.7,0
"ARG5,6",Q01217,70,93,T,7,7,100,7,100,0
"ARG5,6",Q01217,95,118,S,7,7,100,7,100,0
"ARG5,6",Q01217,279,302,S,7,5,71.4,5,71.4,0
"ARG5,6",Q01217,325,348,S,7,7,100,7,100,0
"ARG5,6",Q01217,358,381,S,7,7,100,7,100,0
"ARG5,6",Q01217,359,382,S,7,7,100,7,100,0
"ARG5,6",Q01217,365,388,S,7,7,100,7,100,0
"ARG5,6",Q01217,385,408,S,7,7,100,7,100,0
"ARG5,6",Q01217,416,439,T,7,4,57.1,4,57.1,0
"ARG5,6",Q01217,512,535,S,7,4,57.1,5,71.4,28.6
"ARG5,6",Q01217,513,536,S,7,3,42.9,3,42.9,0
"ARG5,6",Q01217,529,554,S,7,5,71.4,7,100,0
"ARG5,6",Q01217,530,555,T,7,4,57.1,4,57.1,0
QCR2,P07257,18,18,T,8,6,75,8,100,0
QCR2,P07257,29,29,S,8,8,100,8,100,0
QCR2,P07257,59,59,T,8,8,100,8,100,0
QCR2,P07257,61,61,T,8,4,50,4,50,0
QCR2,P07257,112,112,T,8,8,100,8,100,0
QCR2,P07257,141,141,S,8,5,62.5,5,62.5,0
QCR2,P07257,168,168,S,8,8,100,8,100,0
QCR2,P07257,217,217,S,8,7,87.5,7,87.5,0
QCR2,P07257,280,280,T,8,1,12.5,5,62.5,0
QCR2,P07257,294,294,S,8,7,87.5,7,87.5,0
QCR2,P07257,315,315,S,8,6,75,7,87.5,0
QCR2,P07257,321,321,T,8,5,62.5,6,75,0
QCR2,P07257,331,331,S,8,1,12.5,2,25,0
QCR2,P07257,333,333,S,8,4,50,4,50,12.5
QCR2,P07257,334,334,S,8,4,50,4,50,12.5
LSC1,P53598,21,21,S,8,5,62.5,5,62.5,0
LSC1,P53598,27,27,T,8,8,100,8,100,0
LSC1,P53598,45,45,T,8,8,100,8,100,0
LSC1,P53598,184,184,S,8,8,100,8,100,0
LSC1,P53598,186,186,T,8,8,100,8,100,0
LSC1,P53598,188,188,T,8,8,100,8,100,0
LSC1,P53598,198,198,T,8,7,87.5,8,100,0
LSC1,P53598,216,216,T,8,8,100,8,100,0
LSC1,P53598,256,256,N,8,8,100,0,0,0
LSC1,P53598,257,257,F,8,8,100,0,0,0
LSC1,P53598,260,260,S,8,6,75,6,75,0
LSC1,P53598,285,286,S,8,8,100,8,100,0
LSC1,P53598,292,293,S,8,8,100,8,100,0
LSC1,P53598,294,295,T,8,8,100,8,100,0
LSC1,P53598,298,299,S,8,8,100,8,100,0
LSC1,P53598,313,314,S,8,8,100,8,100,0
COR1,P07256,20,20,T,8,7,87.5,8,100,0
COR1,P07256,24,25,T,8,1,12.5,2,25,0
COR1,P07256,83,84,S,8,4,50,4,50,0
COR1,P07256,94,95,S,8,6,75,6,75,0
COR1,P07256,95,96,S,8,8,100,8,100,0
COR1,P07256,98,99,S,8,6,75,6,75,0
COR1,P07256,112,113,S,8,6,75,6,75,0
COR1,P07256,116,117,S,8,8,100,8,100,0
COR1,P07256,133,134,S,8,7,87.5,7,87.5,12.5
COR1,P07256,134,135,S,8,6,75,6,75,0
COR1,P07256,135,136,S,8,6,75,6,75,0
COR1,P07256,140,141,T,8,8,100,8,100,0
COR1,P07256,172,173,T,8,8,100,8,100,0
COR1,P07256,175,176,S,8,7,87.5,7,87.5,0
COR1,P07256,229,230,S,8,4,50,4,50,0
COR1,P07256,247,250,S,8,8,100,8,100,0
COR1,P07256,287,290,S,8,8,100,8,100,0
ATP2,P00830,27,28,T,8,5,62.5,6,75,12.5
ATP2,P00830,28,29,S,8,6,75,6,75,25
ATP2,P00830,35,36,S,8,7,87.5,8,100,0
ATP2,P00830,39,40,S,8,5,62.5,6,75,12.5
ATP2,P00830,40,41,T,8,6,75,6,75,25
ATP2,P00830,43,44,T,8,5,62.5,7,87.5,12.5
ATP2,P00830,112,114,T,8,8,100,8,100,0
ATP2,P00830,117,119,S,8,8,100,8,100,0
ATP2,P00830,124,126,T,8,8,100,8,100,0
ATP2,P00830,144,146,S,8,8,100,8,100,0
ATP2,P00830,163,165,S,8,6,75,6,75,0
ATP2,P00830,237,239,T,8,8,100,8,100,0
ATP2,P00830,246,248,S,8,8,100,8,100,0
ATP2,P00830,299,301,S,8,8,100,8,100,0
ATP2,P00830,302,304,S,8,8,100,8,100,0
ATP2,P00830,317,319,T,8,8,100,8,100,0
ATP2,P00830,373,375,S,8,8,100,8,100,0
ATP2,P00830,470,472,T,8,8,100,8,100,0
KGD1,P20967,51,52,T,8,6,75,6,75,0
KGD1,P20967,79,80,S,8,6,75,6,75,0
KGD1,P20967,86,87,T,8,4,50,6,75,0
KGD1,P20967,151,152,S,8,8,100,8,100,0
KGD1,P20967,313,314,S,8,8,100,8,100,0
KGD1,P20967,322,323,S,8,8,100,8,100,0
KGD1,P20967,325,326,S,8,8,100,8,100,0
KGD1,P20967,331,332,S,8,6,75,6,75,25
KGD1,P20967,452,453,S,8,8,100,8,100,0
KGD1,P20967,453,454,T,8,8,100,8,100,0
KGD1,P20967,457,458,S,8,8,100,8,100,0
KGD1,P20967,517,518,T,8,8,100,8,100,0
KGD1,P20967,530,531,S,8,8,100,8,100,0
KGD1,P20967,546,547,S,8,8,100,8,100,0
KGD1,P20967,850,851,S,8,8,100,8,100,0
KGD1,P20967,901,902,Y,8,8,100,8,100,0
KGD1,P20967,910,911,S,8,1,12.5,4,50,0
KGD1,P20967,988,989,S,8,8,100,8,100,0
KGD1,P20967,995,996,S,8,6,75,6,75,0
KGD1,P20967,997,998,S,8,2,25,2,25,0
PDA1,P16387,32,32,T,8,7,87.5,7,87.5,0
PDA1,P16387,50,50,S,8,5,62.5,6,75,0
PDA1,P16387,102,102,Y,8,8,100,8,100,0
PDA1,P16387,133,133,S,8,6,75,8,100,0
PDA1,P16387,137,137,S,8,8,100,8,100,0
PDA1,P16387,166,166,S,8,8,100,8,100,0
PDA1,P16387,251,251,T,8,8,100,8,100,0
PDA1,P16387,254,254,S,8,4,50,4,50,0
PDA1,P16387,256,256,S,8,8,100,8,100,0
PDA1,P16387,309,309,Y,8,8,100,8,100,0
PDA1,P16387,311,311,G,8,8,100,0,0,0
PDA1,P16387,313,313,S,8,8,100,8,100,0
PDA1,P16387,315,315,S,8,8,100,8,100,0
PDA1,P16387,319,319,T,8,8,100,8,100,0
PDA1,P16387,320,320,T,8,8,100,8,100,0
PDA1,P16387,321,321,Y,8,8,100,8,100,0
PDA1,P16387,332,332,S,8,8,100,8,100,0
PDA1,P16387,361,361,S,8,5,62.5,5,62.5,0
PDA1,P16387,395,395,T,8,8,100,8,100,0
PDA1,P16387,397,397,T,8,8,100,8,100,0
KGD2,P19262,17,17,S,8,6,75,6,75,0
KGD2,P19262,27,27,S,8,2,25,2,25,12.5
KGD2,P19262,34,34,S,8,6,75,6,75,25
KGD2,P19262,35,35,T,8,6,75,6,75,25
KGD2,P19262,46,46,S,8,5,62.5,5,62.5,25
KGD2,P19262,51,51,Y,8,6,75,6,75,25
KGD2,P19262,53,53,S,8,4,50,4,50,37.5
KGD2,P19262,73,73,S,8,8,100,8,100,0
KGD2,P19262,74,74,T,8,8,100,8,100,0
KGD2,P19262,121,121,S,8,8,100,8,100,0
KGD2,P19262,180,181,S,8,1,12.5,1,12.5,0
KGD2,P19262,181,182,S,8,0,0,0,0,0
KGD2,P19262,186,187,S,8,0,0,0,0,100
KGD2,P19262,203,204,T,8,1,12.5,2,25,37.5
KGD2,P19262,214,215,T,8,3,37.5,4,50,0
KGD2,P19262,216,218,S,8,1,12.5,1,12.5,12.5
KGD2,P19262,225,227,S,8,6,75,6,75,25
KGD2,P19262,227,229,S,8,8,100,8,100,0
KGD2,P19262,236,238,T,8,6,75,6,75,0
KGD2,P19262,340,342,T,8,8,100,8,100,0
KGD2,P19262,449,451,T,8,8,100,8,100,0
ATP1,P07251,31,34,S,8,6,75,7,87.5,0
ATP1,P07251,37,40,S,8,7,87.5,7,87.5,0
ATP1,P07251,38,41,T,8,6,75,6,75,0
ATP1,P07251,43,46,T,8,8,100,8,100,0
ATP1,P07251,46,49,S,8,8,100,8,100,0
ATP1,P07251,47,50,S,8,8,100,8,100,0
ATP1,P07251,57,60,S,8,8,100,8,100,0
ATP1,P07251,115,118,S,8,8,100,8,100,0
ATP1,P07251,178,181,S,8,8,100,8,100,0
ATP1,P07251,213,216,T,8,8,100,8,100,0
ATP1,P07251,230,233,S,8,3,37.5,4,50,0
ATP1,P07251,233,236,S,8,6,75,8,100,0
ATP1,P07251,256,259,T,8,8,100,8,100,0
ATP1,P07251,309,312,S,8,8,100,8,100,0
ATP1,P07251,340,343,S,8,8,100,8,100,0
ATP1,P07251,350,353,S,8,7,87.5,7,87.5,0
ATP1,P07251,413,416,S,8,8,100,8,100,0
ATP1,P07251,445,448,S,8,8,100,8,100,0
ATP1,P07251,511,514,S,8,7,87.5,7,87.5,0
ATP1,P07251,527,530,S,8,6,75,8,100,0
ATP1,P07251,533,536,S,8,7,87.5,8,100,0
LAT1,P12695,18,18,T,8,6,75,6,75,0
LAT1,P12695,43,44,S,8,8,100,8,100,0
LAT1,P12695,63,64,S,8,0,0,0,0,0
LAT1,P12695,73,74,T,8,8,100,8,100,0
LAT1,P12695,75,76,K,8,8,100,0,0,0
LAT1,P12695,97,98,T,8,8,100,8,100,0
LAT1,P12695,109,110,Y,8,8,100,8,100,0
LAT1,P12695,127,128,S,8,5,62.5,6,75,0
LAT1,P12695,129,131,S,8,7,87.5,7,87.5,0
LAT1,P12695,131,133,S,8,0,0,1,12.5,0
LAT1,P12695,133,135,T,8,4,50,5,62.5,0
LAT1,P12695,134,136,S,8,4,50,5,62.5,12.5
LAT1,P12695,135,137,T,8,5,62.5,5,62.5,12.5
LAT1,P12695,157,159,T,8,5,62.5,6,75,0
LAT1,P12695,158,160,S,8,3,37.5,3,37.5,0
LAT1,P12695,165,167,S,8,3,37.5,7,87.5,0
LAT1,P12695,177,180,S,8,8,100,8,100,0
LAT1,P12695,190,193,S,8,4,50,5,62.5,0
LAT1,P12695,197,200,T,8,8,100,8,100,0
LAT1,P12695,210,213,S,8,5,62.5,5,62.5,0
LAT1,P12695,215,218,S,8,6,75,6,75,0
LAT1,P12695,216,219,S,8,5,62.5,5,62.5,0
LAT1,P12695,270,276,S,8,8,100,8,100,0
LAT1,P12695,276,282,S,8,8,100,8,100,0
LAT1,P12695,280,286,S,8,8,100,8,100,0
LAT1,P12695,281,287,S,8,8,100,8,100,0
LAT1,P12695,286,292,S,8,8,100,8,100,0
LAT1,P12695,294,300,S,8,8,100,8,100,0
LAT1,P12695,368,374,S,8,3,37.5,4,50,0
ALD4,P46367,5,5,S,8,6,75,8,100,0
ALD4,P46367,14,19,S,8,4,50,5,62.5,0
ALD4,P46367,25,31,S,8,8,100,8,100,0
ALD4,P46367,96,102,S,8,5,62.5,6,75,0
ALD4,P46367,99,105,S,8,8,100,8,100,0
ALD4,P46367,139,145,S,8,5,62.5,6,75,0
ALD4,P46367,154,160,S,8,8,100,8,100,0
ALD4,P46367,155,161,S,8,8,100,8,100,0
ALD4,P46367,172,178,T,8,6,75,6,75,0
ALD4,P46367,175,181,S,8,6,75,6,75,0
ALD4,P46367,177,183,T,8,6,75,6,75,0
ALD4,P46367,211,217,T,8,8,100,8,100,0
ALD4,P46367,216,222,T,8,8,100,8,100,0
ALD4,P46367,219,225,S,8,8,100,8,100,0
ALD4,P46367,220,226,T,8,8,100,8,100,0
ALD4,P46367,223,229,S,8,8,100,8,100,0
ALD4,P46367,226,232,Y,8,8,100,8,100,0
ALD4,P46367,228,234,S,8,8,100,8,100,0
ALD4,P46367,267,273,T,8,8,100,8,100,0
ALD4,P46367,269,275,S,8,8,100,8,100,0
ALD4,P46367,270,276,T,8,8,100,8,100,0
ALD4,P46367,272,278,T,8,8,100,8,100,0
ALD4,P46367,348,354,S,8,8,100,8,100,0
ALD4,P46367,350,356,S,8,6,75,6,75,0
ALD4,P46367,360,366,S,8,6,75,6,75,0
ALD4,P46367,367,373,T,8,8,100,8,100,0
ALD4,P46367,368,374,S,8,8,100,8,100,0
ALD4,P46367,398,404,S,8,6,75,6,75,0
ALD4,P46367,500,506,S,8,8,100,8,100,0
ACO1,P19414,18,19,T,8,7,87.5,8,100,0
ACO1,P19414,20,21,S,8,8,100,8,100,0
ACO1,P19414,37,38,S,8,8,100,8,100,0
ACO1,P19414,83,84,S,8,8,100,8,100,0
ACO1,P19414,87,88,L,8,8,100,0,0,0
ACO1,P19414,174,175,L,8,8,100,0,0,0
ACO1,P19414,202,203,I,8,8,100,0,0,0
ACO1,P19414,254,255,K,8,8,100,0,0,0
ACO1,P19414,231,232,T,8,8,100,8,100,0
ACO1,P19414,238,239,T,8,8,100,8,100,0
ACO1,P19414,239,240,S,8,8,100,8,100,0
ACO1,P19414,252,253,T,8,8,100,8,100,0
ACO1,P19414,257,258,T,8,8,100,8,100,0
ACO1,P19414,298,299,S,8,8,100,8,100,0
ACO1,P19414,311,312,I,8,8,100,0,0,0
ACO1,P19414,319,320,H,8,5,62.5,0,0,0
ACO1,P19414,351,352,T,8,8,100,8,100,0
ACO1,P19414,383,384,T,8,8,100,8,100,0
ACO1,P19414,385,386,S,8,8,100,8,100,0
ACO1,P19414,386,387,S,8,8,100,8,100,0
ACO1,P19414,387,388,Y,8,8,100,8,100,0
ACO1,P19414,391,392,S,8,8,100,8,100,0
ACO1,P19414,395,396,S,8,8,100,8,100,0
ACO1,P19414,409,410,T,8,6,75,8,100,0
ACO1,P19414,417,418,S,8,8,100,8,100,0
ACO1,P19414,467,468,S,8,8,100,8,100,0
ACO1,P19414,468,469,S,8,8,100,8,100,0
ACO1,P19414,508,509,T,8,8,100,8,100,0
ACO1,P19414,549,550,S,8,7,87.5,7,87.5,0
ACO1,P19414,550,551,T,8,6,75,6,75,0
ACO1,P19414,556,557,S,8,6,75,6,75,0
ACO1,P19414,591,592,T,8,8,100,8,100,0
ACO1,P19414,595,596,S,8,8,100,8,100,0
ACO1,P19414,736,737,T,8,7,87.5,7,87.5,0
ACO1,P19414,767,768,S,8,8,100,8,100,0
HSP60,P19882,4,4,S,8,6,75,7,87.5,0
HSP60,P19882,5,5,S,8,6,75,6,75,0
HSP60,P19882,22,25,S,8,8,100,8,100,0
HSP60,P19882,23,26,S,8,5,62.5,8,100,0
HSP60,P19882,43,46,T,8,8,100,8,100,0
HSP60,P19882,80,83,S,8,7,87.5,7,87.5,0
HSP60,P19882,100,103,S,8,8,100,8,100,0
HSP60,P19882,102,105,T,8,8,100,8,100,0
HSP60,P19882,122,125,T,8,8,100,8,100,0
HSP60,P19882,124,127,S,8,8,100,8,100,0
HSP60,P19882,141,144,S,8,6,75,8,100,0
HSP60,P19882,153,156,S,8,4,50,8,100,0
HSP60,P19882,177,180,S,8,5,62.5,5,62.5,0
HSP60,P19882,185,188,S,8,8,100,8,100,0
HSP60,P19882,197,200,T,8,8,100,8,100,0
HSP60,P19882,203,206,T,8,8,100,8,100,0
HSP60,P19882,231,234,S,8,8,100,8,100,0
HSP60,P19882,232,235,S,8,6,75,6,75,0
HSP60,P19882,249,252,S,8,8,100,8,100,0
HSP60,P19882,250,253,S,8,8,100,8,100,0
HSP60,P19882,351,354,T,8,8,100,8,100,0
HSP60,P19882,357,360,S,8,6,75,6,75,0
HSP60,P19882,373,376,S,8,8,100,8,100,0
HSP60,P19882,377,380,T,8,7,87.5,8,100,0
HSP60,P19882,378,381,T,8,7,87.5,8,100,0
HSP60,P19882,379,382,T,8,8,100,8,100,0
HSP60,P19882,381,384,S,8,8,100,8,100,0
HSP60,P19882,382,385,Y,8,8,100,8,100,0
HSP60,P19882,395,398,S,8,8,100,8,100,0
HSP60,P19882,407,410,S,8,8,100,8,100,0
HSP60,P19882,439,442,T,8,8,100,8,100,0
HSP60,P19882,470,473,T,8,8,100,8,100,0
HSP60,P19882,485,488,S,8,8,100,8,100,0
HSP60,P19882,495,498,Y,8,7,87.5,7,87.5,0
HSP60,P19882,506,509,S,8,2,25,2,25,0
ILV5,P06168,21,21,T,8,8,100,8,100,0
ILV5,P06168,44,49,T,8,2,25,2,25,0
ILV5,P06168,56,61,T,8,8,100,8,100,0
ILV5,P06168,59,64,T,8,8,100,8,100,0
ILV5,P06168,74,79,Y,8,8,100,8,100,0
ILV5,P06168,75,80,F,8,8,100,0,0,0
ILV5,P06168,85,90,Y,8,8,100,8,100,0
ILV5,P06168,87,92,S,8,8,100,8,100,0
ILV5,P06168,113,118,S,8,8,100,8,100,0
ILV5,P06168,130,135,T,8,4,50,6,75,0
ILV5,P06168,139,144,S,8,2,25,5,62.5,0
ILV5,P06168,153,158,T,8,8,100,8,100,0
ILV5,P06168,166,171,T,8,8,100,8,100,0
ILV5,P06168,168,173,Y,8,8,100,8,100,0
ILV5,P06168,170,175,S,8,8,100,8,100,0
ILV5,P06168,174,179,S,8,8,100,8,100,0
ILV5,P06168,199,204,S,8,8,100,8,100,0
ILV5,P06168,202,207,T,8,8,100,8,100,0
ILV5,P06168,205,210,S,8,8,100,8,100,0
ILV5,P06168,215,220,S,8,8,100,8,100,0
ILV5,P06168,216,221,S,8,8,100,8,100,0
ILV5,P06168,217,222,Y,8,8,100,8,100,0
ILV5,P06168,254,259,S,8,8,100,8,100,0
ILV5,P06168,257,262,Y,8,8,100,8,100,0
ILV5,P06168,284,289,S,8,8,100,8,100,0
ILV5,P06168,286,291,S,8,8,100,8,100,0
ILV5,P06168,292,297,T,8,8,100,8,100,0
ILV5,P06168,311,316,Y,8,8,100,8,100,0
ILV5,P06168,317,322,S,8,8,100,8,100,0
ILV5,P06168,318,323,T,8,8,100,8,100,0
ILV5,P06168,319,324,T,8,8,100,8,100,0
ILV5,P06168,328,333,Y,8,8,100,8,100,0
ILV5,P06168,343,348,Y,8,8,100,8,100,0
ILV5,P06168,345,350,S,8,8,100,8,100,0
ILV5,P06168,346,351,T,8,8,100,8,100,0
ILV5,P06168,350,355,T,8,6,75,8,100,0
ILV5,P06168,355,360,S,8,8,100,8,100,0
ILV5,P06168,360,365,S,8,8,100,8,100,0
ILV5,P06168,374,379,T,8,8,100,8,100,0
SSC1,P0CS90,11,11,S,8,7,87.5,7,87.5,0
SSC1,P0CS90,12,12,S,8,4,50,4,50,12.5
SSC1,P0CS90,14,14,S,8,4,50,4,50,37.5
SSC1,P0CS90,15,15,S,8,3,37.5,3,37.5,37.5
SSC1,P0CS90,16,16,S,8,5,62.5,5,62.5,37.5
SSC1,P0CS90,21,21,T,8,4,50,4,50,12.5
SSC1,P0CS90,31,31,S,8,5,62.5,5,62.5,12.5
SSC1,P0CS90,61,61,S,8,5,62.5,5,62.5,0
SSC1,P0CS90,63,63,T,8,8,100,8,100,0
SSC1,P0CS90,64,64,T,8,8,100,8,100,0
SSC1,P0CS90,66,66,S,8,8,100,8,100,0
SSC1,P0CS90,71,71,T,8,8,100,8,100,0
SSC1,P0CS90,97,97,T,8,7,87.5,7,87.5,0
SSC1,P0CS90,125,125,S,8,6,75,6,75,0
SSC1,P0CS90,138,141,Y,8,7,87.5,7,87.5,0
SSC1,P0CS90,137,140,T,8,6,75,7,87.5,0
SSC1,P0CS90,139,142,S,8,7,87.5,8,100,0
SSC1,P0CS90,169,172,T,8,8,100,8,100,0
SSC1,P0CS90,177,180,S,8,8,100,8,100,0
SSC1,P0CS90,201,204,T,8,8,100,8,100,0
SSC1,P0CS90,269,274,T,8,4,50,5,62.5,0
SSC1,P0CS90,311,316,A,8,7,87.5,0,0,0
SSC1,P0CS90,319,324,I,8,7,87.5,0,0,0
SSC1,P0CS90,330,335,T,8,7,87.5,7,87.5,0
SSC1,P0CS90,332,337,T,8,7,87.5,7,87.5,0
SSC1,P0CS90,353,358,S,8,3,37.5,3,37.5,0
SSC1,P0CS90,354,359,T,8,7,87.5,7,87.5,0
SSC1,P0CS90,355,360,S,8,8,100,8,100,0
SSC1,P0CS90,367,372,S,8,7,87.5,8,100,0
SSC1,P0CS90,378,383,S,8,5,62.5,5,62.5,0
SSC1,P0CS90,385,391,S,8,7,87.5,7,87.5,0
SSC1,P0CS90,440,450,T,8,8,100,8,100,0
SSC1,P0CS90,450,460,S,8,8,100,8,100,0
SSC1,P0CS90,457,467,T,8,7,87.5,7,87.5,0
SSC1,P0CS90,458,468,S,8,7,87.5,7,87.5,0
SSC1,P0CS90,481,491,T,8,5,62.5,5,62.5,0
SSC1,P0CS90,516,526,T,8,8,100,8,100,0
SSC1,P0CS90,528,538,S,8,7,87.5,7,87.5,0
SSC1,P0CS90,572,583,S,8,8,100,8,100,0
SSC1,P0CS90,594,607,S,8,5,62.5,6,75,0
SSC1,P0CS90,617,630,T,8,7,87.5,7,87.5,0
SSC1,P0CS90,623,636,S,8,7,87.5,7,87.5,0
SSC1,P0CS90,624,637,S,8,7,87.5,7,87.5,0
SSC1,P0CS90,636,670,S,8,7,87.5,7,87.5,0
SSC1,P0CS90,649,690,S,8,4,50,4,50,12.5
